2024-07-25T22:40:25,5.000072,2886.358160
2024-07-25T22:41:05,5.000098,2886.743563
2024-07-25T22:42:05,5.000032,2885.981766
2024-07-25T22:43:05,5.000031,2886.382314
2024-07-25T22:44:05,5.000059,2889.965962
2024-07-25T22:45:05,5.000078,2887.354979
2024-07-25T22:46:05,5.000067,2886.761595
2024-07-25T22:47:05,5.000069,2885.560098
2024-07-25T22:48:05,5.000049,2887.571636
2024-07-25T22:49:06,5.000046,2887.173567
2024-07-25T22:50:05,5.000053,2885.569454
2024-07-25T22:51:05,5.000075,2889.556460
2024-07-25T22:52:05,5.000108,2887.337425
2024-07-25T22:53:05,5.000067,2887.161246
2024-07-25T22:54:05,5.000096,2890.344320
2024-07-25T22:55:05,5.000053,2888.569216
2024-07-25T22:56:05,5.000081,2887.352982
2024-07-25T22:57:05,5.000074,2890.356999
2024-07-25T22:58:05,5.000093,2890.546314
2024-07-25T22:59:05,5.000080,2887.153743
2024-07-25T23:00:05,5.000043,2890.575328
2024-07-25T23:01:05,5.000058,2890.166511
2024-07-25T23:02:05,5.000084,2887.151334
2024-07-25T23:03:05,5.000060,2887.565440
2024-07-25T23:04:05,5.000058,2887.566266
2024-07-25T23:05:05,5.000076,2890.155900
2024-07-25T23:06:05,5.000055,2890.168441
2024-07-25T23:07:05,5.000082,2886.552651
2024-07-25T23:08:05,5.000066,2890.961608
2024-07-25T23:09:05,5.000101,2888.741871
2024-07-25T23:10:05,5.000059,2887.365718
2024-07-25T23:11:05,5.000069,2886.160296
2024-07-25T23:12:05,5.000059,2887.565715
2024-07-25T23:13:05,5.000042,2885.975505
2024-07-25T23:14:05,5.000078,2886.354925
2024-07-25T23:15:05,5.000055,2888.968247
2024-07-25T23:16:05,5.000092,2887.546714
2024-07-25T23:17:05,5.000055,2887.168267
2024-07-25T23:18:05,5.000056,2887.367920
2024-07-25T23:19:06,5.000063,2889.763829
2024-07-25T23:20:05,5.000073,2885.957615
2024-07-25T23:21:05,5.000064,2886.162842
2024-07-25T23:22:05,5.000049,2889.371480
2024-07-25T23:23:05,5.000068,2886.960904
2024-07-25T23:24:05,5.000056,2888.967903
2024-07-25T23:25:05,5.000072,2887.958550
2024-07-25T23:26:05,5.000063,2890.563681
2024-07-25T23:27:05,5.000096,2887.544787
2024-07-25T23:28:05,5.000075,2886.956775
2024-07-25T23:29:05,5.000065,2887.362551
2024-07-25T23:30:05,5.000064,2886.962969
2024-07-25T23:31:05,5.000085,2887.750635
2024-07-25T23:32:05,5.000070,2887.759654
2024-07-25T23:33:05,5.000034,2886.580524
2024-07-25T23:34:05,5.000091,2886.747486
2024-07-25T23:35:05,5.000032,2886.381557
2024-07-25T23:36:05,5.000075,2886.356508
2024-07-25T23:37:05,5.000070,2889.559560
2024-07-25T23:38:05,5.000031,2890.181946
2024-07-25T23:39:10,10.000072,2886.879351
2024-07-25T23:40:10,10.000052,2886.384929
2024-07-25T23:41:10,10.000059,2886.782965
2024-07-25T23:42:10,10.000064,2887.381379
2024-07-25T23:43:10,10.000060,2887.782650
2024-07-25T23:44:10,10.000075,2887.078214
2024-07-25T23:45:10,10.000051,2887.085338
2024-07-25T23:46:10,10.000064,2887.781617
2024-07-25T23:47:10,10.000085,2886.975359
2024-07-25T23:48:10,10.000042,2887.187919
2024-07-25T23:49:11,10.000038,2886.689023
2024-07-25T23:50:10,10.000072,2887.479141
2024-07-25T23:51:10,10.000081,2887.076666
2024-07-25T23:52:10,10.000090,2887.673907
2024-07-25T23:53:10,10.000063,2886.881726
2024-07-25T23:54:10,10.000047,2887.286301
2024-07-25T23:55:10,10.000081,2887.876625
2024-07-25T23:56:10,10.000097,2887.672117
2024-07-25T23:57:10,10.000094,2887.272809
2024-07-25T23:58:10,10.000042,2889.187911
2024-07-25T23:59:10,10.000090,2887.274083
2024-07-26T00:00:10,10.000065,2887.281207
2024-07-26T00:01:10,10.000050,2887.585646
2024-07-26T00:02:10,10.000055,2887.384063
2024-07-26T00:03:10,10.000054,2888.684297
2024-07-26T00:04:10,10.000052,2887.084891
2024-07-26T00:05:10,10.000069,2889.080059
2024-07-26T00:06:10,10.000060,2886.682622
2024-07-26T00:07:10,10.000059,2886.283072
2024-07-26T00:08:10,10.000026,2888.792493
2024-07-26T00:09:10,10.000058,2888.483369
2024-07-26T00:10:10,10.000059,2886.483105
2024-07-26T00:11:10,10.000056,2888.383817
2024-07-26T00:12:10,10.000057,2887.883579
2024-07-26T00:13:10,10.000060,2888.682644
2024-07-26T00:14:10,10.000051,2887.585164
2024-07-26T00:15:10,10.000068,2887.780274
2024-07-26T00:16:10,10.000089,2890.174367
2024-07-26T00:17:10,10.000080,2888.477033
2024-07-26T00:18:10,10.000056,2890.283944
2024-07-26T00:19:11,10.000070,2887.979722
2024-07-26T00:20:10,10.000101,2888.970899
2024-07-26T00:21:10,10.000089,2887.974317
2024-07-26T00:22:10,10.000076,2887.278109
2024-07-26T00:23:10,10.000071,2886.579526
2024-07-26T00:24:10,10.000080,2886.676841
2024-07-26T00:25:10,10.000079,2886.977079
2024-07-26T00:26:10,10.000075,2887.478487
2024-07-26T00:27:10,10.000084,2887.675697
2024-07-26T00:28:10,10.000076,2887.378178
2024-07-26T00:29:10,10.000050,2887.285510
2024-07-26T00:30:10,10.000029,2887.191568
2024-07-26T00:31:10,10.000074,2887.178764
2024-07-26T00:32:10,10.000065,2888.381234
2024-07-26T00:33:10,10.000046,2888.286641
2024-07-26T00:34:10,10.000076,2888.278171
2024-07-26T00:35:10,10.000051,2886.985305
2024-07-26T00:36:10,10.000064,2886.781417
2024-07-26T00:37:10,10.000044,2888.887155
2024-07-26T00:38:10,10.000091,2890.073713
2024-07-26T00:39:15,15.000022,2886.595687
2024-07-26T00:40:15,15.000059,2886.855379
2024-07-26T00:41:15,15.000077,2887.118488
2024-07-26T00:42:15,15.000049,2888.257164
2024-07-26T00:43:15,15.000049,2886.590617
2024-07-26T00:44:15,15.000055,2888.056132
2024-07-26T00:45:15,15.000073,2890.185851
2024-07-26T00:46:15,15.000029,2888.194399
2024-07-26T00:47:15,15.000041,2887.458819
2024-07-26T00:48:15,15.000067,2886.653797
2024-07-26T00:49:16,15.000072,2885.652815
2024-07-26T00:50:15,15.000077,2886.118424
2024-07-26T00:51:15,15.000086,2885.850039
2024-07-26T00:52:15,15.000069,2887.186784
2024-07-26T00:53:15,15.000087,2886.716609
2024-07-26T00:54:15,15.000059,2887.055378
2024-07-26T00:55:15,15.000059,2886.855379
2024-07-26T00:56:15,15.000036,2886.926336
2024-07-26T00:57:15,15.000046,2887.324522
2024-07-26T00:58:15,15.000062,2886.054809
2024-07-26T00:59:15,15.000056,2887.855880
2024-07-26T01:00:15,15.000049,2886.990501
2024-07-26T01:01:15,15.000059,2887.255331
2024-07-26T01:02:15,15.000076,2887.251958
2024-07-26T01:03:15,15.000019,2886.796306
2024-07-26T01:04:15,15.000083,2888.717263
2024-07-26T01:05:15,15.000062,2887.588136
2024-07-26T01:06:15,15.000096,2887.714882
2024-07-26T01:07:15,15.000058,2886.722253
2024-07-26T01:08:15,15.000094,2887.181965
2024-07-26T01:09:15,15.000055,2886.256115
2024-07-26T01:10:15,15.000071,2887.319634
2024-07-26T01:11:15,15.000088,2886.116429
2024-07-26T01:12:15,15.000076,2888.518665
2024-07-26T01:13:15,15.000078,2886.984972
2024-07-26T01:14:15,15.000061,2888.188271
2024-07-26T01:15:15,15.000061,2887.054988
2024-07-26T01:16:15,15.000028,2887.727871
2024-07-26T01:17:15,15.000091,2887.115849
2024-07-26T01:18:15,15.000065,2887.054093
2024-07-26T01:19:16,15.000073,2886.986004
2024-07-26T01:20:15,15.000063,2888.721235
2024-07-26T01:21:15,15.000069,2887.720023
2024-07-26T01:22:15,15.000042,2887.591876
2024-07-26T01:23:15,15.000073,2887.719265
2024-07-26T01:24:15,15.000097,2888.381338
2024-07-26T01:25:15,15.000062,2887.721468
2024-07-26T01:26:15,15.000067,2886.920393
2024-07-26T01:27:15,15.000054,2886.723010
2024-07-26T01:28:15,15.000095,2890.115096
2024-07-26T01:29:15,15.000052,2887.389903
2024-07-26T01:30:15,15.000041,2887.525531
2024-07-26T01:31:15,15.000077,2888.185218
2024-07-26T01:32:15,15.000035,2886.526658
2024-07-26T01:33:15,15.000062,2887.454780
2024-07-26T01:34:15,15.000079,2887.318189
2024-07-26T01:35:15,15.000068,2887.386966
2024-07-26T01:36:15,15.000064,2886.987679
2024-07-26T01:37:15,15.000062,2887.454826
2024-07-26T01:38:15,15.000072,2886.319501
2024-07-26T01:39:20,20.000043,2885.943859
2024-07-26T01:40:20,20.000051,2886.742567
2024-07-26T01:41:20,20.000069,2887.790017
2024-07-26T01:42:20,20.000079,2886.688661
2024-07-26T01:43:20,20.000036,2886.444787
2024-07-26T01:44:20,20.000078,2886.738764
2024-07-26T01:45:20,20.000043,2887.593769
2024-07-26T01:46:20,20.000061,2887.191172
2024-07-26T01:47:20,20.000055,2887.042050
2024-07-26T01:48:20,20.000042,2889.293904
2024-07-26T01:49:21,20.000087,2887.587384
2024-07-26T01:50:20,20.000062,2887.291017
2024-07-26T01:51:20,20.000071,2887.489760
2024-07-26T01:52:20,20.000091,2887.036870
2024-07-26T01:53:20,20.000069,2887.290036
2024-07-26T01:54:20,20.000044,2886.793702
2024-07-26T01:55:20,20.000025,2887.596351
2024-07-26T01:56:20,20.000058,2887.141688
2024-07-26T01:57:20,20.000032,2887.045440
2024-07-26T01:58:20,20.000078,2886.988677
2024-07-26T01:59:20,20.000067,2887.040381
2024-07-26T02:00:20,20.000034,2887.945129
2024-07-26T02:01:20,20.000091,2886.686837
2024-07-26T02:02:20,20.000063,2886.840966
2024-07-26T02:03:20,20.000065,2887.740585
2024-07-26T02:04:20,20.000056,2888.241926
2024-07-26T02:05:20,20.000080,2888.088466
2024-07-26T02:06:20,20.000083,2886.737973
2024-07-26T02:07:20,20.000064,2886.790708
2024-07-26T02:08:20,20.000067,2887.090363
2024-07-26T02:09:20,20.000035,2887.044992
2024-07-26T02:10:20,20.000032,2888.895420
2024-07-26T02:11:20,20.000064,2888.690771
2024-07-26T02:12:20,20.000034,2886.745148
2024-07-26T02:13:20,20.000049,2886.442998
2024-07-26T02:14:20,20.000067,2886.690382
2024-07-26T02:15:20,20.000066,2887.690430
2024-07-26T02:16:20,20.000064,2887.290690
2024-07-26T02:17:20,20.000045,2887.593546
2024-07-26T02:18:20,20.000073,2888.689428
2024-07-26T02:19:21,20.000046,2886.543428
2024-07-26T02:20:20,20.000060,2886.641294
2024-07-26T02:21:20,20.000082,2887.038092
2024-07-26T02:22:20,20.000061,2886.741225
2024-07-26T02:23:20,20.000066,2887.840412
2024-07-26T02:24:20,20.000049,2887.442995
2024-07-26T02:25:20,20.000067,2886.690261
2024-07-26T02:26:20,20.000030,2886.995629
2024-07-26T02:27:20,20.000027,2889.596090
2024-07-26T02:28:20,20.000064,2889.690751
2024-07-26T02:29:20,20.000088,2888.237244
2024-07-26T02:30:20,20.000036,2889.744781
2024-07-26T02:31:20,20.000072,2887.989603
2024-07-26T02:32:20,20.000044,2887.293632
2024-07-26T02:33:20,20.000066,2887.590465
2024-07-26T02:34:20,20.000075,2886.839211
2024-07-26T02:35:20,20.000076,2887.639071
2024-07-26T02:36:20,20.000060,2889.341355
2024-07-26T02:37:20,20.000065,2886.840605
2024-07-26T02:38:20,20.000067,2886.940295
2024-07-26T02:39:25,25.000065,2886.272513
2024-07-26T02:40:25,25.000050,2888.194243
2024-07-26T02:41:25,25.000071,2887.111836
2024-07-26T02:42:25,25.000078,2886.750984
2024-07-26T02:43:25,25.000046,2886.394701
2024-07-26T02:44:25,25.000032,2887.596282
2024-07-26T02:45:25,25.000047,2886.314536
2024-07-26T02:46:25,25.000075,2889.071362
2024-07-26T02:47:25,25.000049,2886.554398
2024-07-26T02:48:25,25.000080,2887.070804
2024-07-26T02:49:26,25.000075,2887.071355
2024-07-26T02:50:25,25.000038,2886.395637
2024-07-26T02:51:25,25.000078,2887.070983
2024-07-26T02:52:25,25.000068,2886.592168
2024-07-26T02:53:25,25.000055,2886.553627
2024-07-26T02:54:25,25.000077,2887.311106
2024-07-26T02:55:25,25.000075,2887.231327
2024-07-26T02:56:25,25.000071,2887.391794
2024-07-26T02:57:25,25.000066,2888.512383
2024-07-26T02:58:25,25.000072,2887.511725
2024-07-26T02:59:25,25.000045,2887.354809
2024-07-26T03:00:25,25.000074,2886.871507
2024-07-26T03:01:25,25.000087,2887.429922
2024-07-26T03:02:25,25.000098,2887.308710
2024-07-26T03:03:25,25.000067,2887.472248
2024-07-26T03:04:25,25.000088,2886.949827
2024-07-26T03:05:25,25.000061,2887.392951
2024-07-26T03:06:25,25.000079,2886.510888
2024-07-26T03:07:25,25.000047,2887.154576
2024-07-26T03:08:25,25.000071,2888.071834
2024-07-26T03:09:25,25.000069,2887.231974
2024-07-26T03:10:25,25.000071,2887.551794
2024-07-26T03:11:25,25.000064,2886.472623
2024-07-26T03:12:25,25.000080,2887.030804
2024-07-26T03:13:25,25.000049,2886.314343
2024-07-26T03:14:25,25.000054,2887.913789
2024-07-26T03:15:25,25.000068,2889.392174
2024-07-26T03:16:25,25.000055,2886.913599
2024-07-26T03:17:25,25.000037,2888.395689
2024-07-26T03:18:25,25.000079,2889.550865
2024-07-26T03:19:26,25.000038,2887.395622
2024-07-26T03:20:25,25.000057,2887.593363
2024-07-26T03:21:25,25.000074,2886.951506
2024-07-26T03:22:25,25.000092,2887.749425
2024-07-26T03:23:25,25.000070,2886.911906
2024-07-26T03:24:25,25.000058,2886.833255
2024-07-26T03:25:25,25.000057,2888.313362
2024-07-26T03:26:25,25.000058,2889.433290
2024-07-26T03:27:25,25.000053,2888.913897
2024-07-26T03:28:25,25.000061,2887.872936
2024-07-26T03:29:25,25.000076,2886.751273
2024-07-26T03:30:25,25.000072,2888.351695
2024-07-26T03:31:25,25.000089,2886.709676
2024-07-26T03:32:25,25.000089,2887.989754
2024-07-26T03:33:25,25.000051,2888.674077
2024-07-26T03:34:25,25.000049,2887.194314
2024-07-26T03:35:25,25.000091,2888.229437
2024-07-26T03:36:25,25.000089,2887.229702
2024-07-26T03:37:25,25.000059,2887.513240
2024-07-26T03:38:25,25.000187,2886.418446
2024-07-26T03:39:30,30.000033,2887.496868
2024-07-26T03:40:30,30.000063,2886.627300
2024-07-26T03:41:30,30.000094,2886.624329
2024-07-26T03:42:30,30.000089,2886.291467
2024-07-26T03:43:30,30.000089,2887.258142
2024-07-26T03:44:30,30.000042,2887.129295
2024-07-26T03:45:30,30.000075,2888.226103
2024-07-26T03:46:30,30.000082,2886.792119
2024-07-26T03:47:30,30.000054,2886.428138
2024-07-26T03:48:30,30.000053,2886.761528
2024-07-26T03:49:31,30.000088,2886.858235
2024-07-26T03:50:30,30.000046,2887.295617
2024-07-26T03:51:30,30.000093,2888.324335
2024-07-26T03:52:30,30.000075,2887.759460
2024-07-26T03:53:30,30.000060,2886.794230
2024-07-26T03:54:30,30.000053,2887.194918
2024-07-26T03:55:30,30.000076,2887.059313
2024-07-26T03:56:30,30.000088,2887.524843
2024-07-26T03:57:30,30.000087,2887.058269
2024-07-26T03:58:30,30.000062,2887.893998
2024-07-26T03:59:30,30.000071,2886.893174
2024-07-26T04:00:30,30.000049,2887.561974
2024-07-26T04:01:30,30.000074,2887.626242
2024-07-26T04:02:30,30.000046,2887.028871
2024-07-26T04:03:30,30.000072,2886.726393
2024-07-26T04:04:30,30.000087,2887.191671
2024-07-26T04:05:30,30.000044,2886.595802
2024-07-26T04:06:30,30.000041,2886.296078
2024-07-26T04:07:30,30.000082,2886.392155
2024-07-26T04:08:30,30.000080,2887.459002
2024-07-26T04:09:30,30.000058,2886.794402
2024-07-26T04:10:30,30.000093,2887.724360
2024-07-26T04:11:30,30.000057,2887.894480
2024-07-26T04:12:30,30.000046,2886.495550
2024-07-26T04:13:30,30.000078,2887.525864
2024-07-26T04:14:30,30.000087,2887.058292
2024-07-26T04:15:30,30.000355,2886.532520
2024-07-26T04:16:30,30.000094,2886.790949
2024-07-26T04:17:30,30.000088,2887.458211
2024-07-26T04:18:30,30.000036,2886.663214
2024-07-26T04:19:30,30.000082,2887.458773
2024-07-26T04:20:30,30.000051,2886.761746
2024-07-26T04:21:30,30.000084,2887.558612
2024-07-26T04:22:30,30.000055,2887.161378
2024-07-26T04:23:30,30.000055,2887.828066
2024-07-26T04:24:30,30.000081,2886.925556
2024-07-26T04:25:30,30.000075,2888.092816
2024-07-26T04:26:30,30.000072,2888.093091
2024-07-26T04:27:30,30.000112,2887.255871
2024-07-26T04:28:30,30.000065,2886.627048
2024-07-26T04:29:30,30.000060,2886.527552
2024-07-26T04:30:30,30.000072,2887.393070
2024-07-26T04:31:30,30.000041,2887.096054
2024-07-26T04:32:30,30.000093,2886.757731
2024-07-26T04:33:30,30.000057,2887.261206
2024-07-26T04:34:30,30.000053,2886.961608
2024-07-26T04:35:30,30.000088,2887.191556
2024-07-26T04:36:30,30.000029,2886.063914
2024-07-26T04:37:30,30.000058,2887.061057
2024-07-26T04:38:30,30.000082,2885.392135
2024-07-26T04:39:35,35.000051,2886.424374
2024-07-26T04:40:35,35.000076,2887.136603
2024-07-26T04:41:35,35.000083,2887.364604
2024-07-26T04:42:35,35.000095,2886.506489
2024-07-26T04:43:35,35.000073,2886.051098
2024-07-26T04:44:35,35.000049,2887.424510
2024-07-26T04:45:35,35.000042,2886.082264
2024-07-26T04:46:35,35.000078,2886.936407
2024-07-26T04:47:35,35.000045,2887.139140
2024-07-26T04:48:36,35.000039,2887.196824
2024-07-26T04:49:35,35.000075,2886.850998
2024-07-26T04:50:35,35.000218,2886.039203
2024-07-26T04:51:35,35.000046,2887.367662
2024-07-26T04:52:35,35.000067,2886.365913
2024-07-26T04:53:35,35.000080,2886.593403
2024-07-26T04:54:35,35.000041,2886.139436
2024-07-26T04:55:35,35.000067,2887.080227
2024-07-26T04:56:35,35.000070,2886.937105
2024-07-26T04:57:35,35.000080,2886.821964
2024-07-26T04:58:35,35.000071,2886.908465
2024-07-26T04:59:35,35.000101,2885.534543
2024-07-26T05:00:35,35.000074,2886.622486
2024-07-26T05:01:35,35.000057,2888.223859
2024-07-26T05:02:35,35.000084,2886.907324
2024-07-26T05:03:35,35.000088,2886.849886
2024-07-26T05:04:35,35.000082,2886.707541
2024-07-26T05:05:35,35.000057,2886.338168
2024-07-26T05:06:35,35.000049,2886.338777
2024-07-26T05:07:35,35.000070,2887.137065
2024-07-26T05:08:35,35.000051,2887.910046
2024-07-26T05:09:35,35.000078,2886.593560
2024-07-26T05:10:35,35.000039,2886.253889
2024-07-26T05:11:35,35.000090,2886.706872
2024-07-26T05:12:35,35.000095,2887.963599
2024-07-26T05:13:35,35.000096,2887.134961
2024-07-26T05:14:35,35.000078,2886.964968
2024-07-26T05:15:35,35.000071,2887.279853
2024-07-26T05:16:35,35.000059,2887.280876
2024-07-26T05:17:35,35.000077,2886.679353
2024-07-26T05:18:36,35.000051,2886.738688
2024-07-26T05:19:35,35.000051,2886.795762
2024-07-26T05:20:35,35.000085,2886.250134
2024-07-26T05:21:35,35.000050,2886.881555
2024-07-26T05:22:35,35.000068,2887.394355
2024-07-26T05:23:35,35.000048,2887.024638
2024-07-26T05:24:35,35.000071,2887.022701
2024-07-26T05:25:35,35.000066,2887.365971
2024-07-26T05:26:35,35.000041,2887.853759
2024-07-26T05:27:35,35.000032,2887.625916
2024-07-26T05:28:35,35.000062,2886.480573
2024-07-26T05:29:35,35.000068,2886.365805
2024-07-26T05:30:35,35.000112,2886.562216
2024-07-26T05:31:35,35.000065,2887.280345
2024-07-26T05:32:35,35.000090,2886.706823
2024-07-26T05:33:35,35.000053,2887.567032
2024-07-26T05:34:35,35.000068,2886.108673
2024-07-26T05:35:35,35.000066,2887.023163
2024-07-26T05:36:35,35.000080,2886.450536
2024-07-26T05:37:35,35.000083,2886.250330
2024-07-26T05:38:35,35.000055,2886.395497
2024-07-26T05:39:40,40.000072,2886.594778
2024-07-26T05:40:40,40.000087,2886.618694
2024-07-26T05:41:40,40.000082,2886.494090
2024-07-26T05:42:40,40.000046,2887.296696
2024-07-26T05:43:40,40.000051,2886.746344
2024-07-26T05:44:40,40.000071,2887.019906
2024-07-26T05:45:40,40.000094,2887.343228
2024-07-26T05:46:40,40.000058,2886.620810
2024-07-26T05:47:40,40.000066,2887.020225
2024-07-26T05:48:41,40.000036,2886.572411
2024-07-26T05:49:40,40.000054,2886.696103
2024-07-26T05:50:40,40.000063,2886.995483
2024-07-26T05:51:40,40.000069,2886.595010
2024-07-26T05:52:40,40.000043,2887.871867
2024-07-26T05:53:40,40.000060,2886.770673
2024-07-26T05:54:40,40.000075,2887.619621
2024-07-26T05:55:40,40.000040,2888.072091
2024-07-26T05:56:40,40.000083,2885.893980
2024-07-26T05:57:40,40.000075,2888.219603
2024-07-26T05:58:40,40.000082,2887.244046
2024-07-26T05:59:40,40.000093,2886.668255
2024-07-26T06:00:40,40.000074,2887.219631
2024-07-26T06:01:40,40.000062,2886.920526
2024-07-26T06:02:40,40.000068,2887.420095
2024-07-26T06:03:40,40.000061,2890.820598
2024-07-26T06:04:40,40.000071,2889.144868
2024-07-26T06:05:40,40.000070,2889.094937
2024-07-26T06:06:40,40.000055,2887.996049
2024-07-26T06:07:40,40.000042,2887.421971
2024-07-26T06:08:40,40.000049,2879.846473
2024-07-26T06:09:40,40.000062,2886.320561
2024-07-26T06:10:41,40.000071,2886.369873
2024-07-26T06:11:40,40.000039,2887.222169
2024-07-26T06:12:40,40.000078,2887.794363
2024-07-26T06:13:40,40.000047,2886.571602
2024-07-26T06:14:40,40.000047,2887.221618
2024-07-26T06:15:40,40.000068,2886.695079
2024-07-26T06:16:40,40.000059,2887.045724
2024-07-26T06:17:40,40.000040,2887.047109
2024-07-26T06:18:40,40.000039,2887.047186
2024-07-26T06:19:40,40.000065,2886.920302
2024-07-26T06:20:40,40.000059,2887.645749
2024-07-26T06:21:40,40.000067,2887.420190
2024-07-26T06:22:40,40.000087,2886.543686
2024-07-26T06:23:40,40.000069,2886.720027
2024-07-26T06:24:40,40.000080,2887.394217
2024-07-26T06:25:40,40.000087,2886.343703
2024-07-26T06:26:40,40.000057,2886.195863
2024-07-26T06:27:40,40.000043,2885.871895
2024-07-26T06:28:40,40.000051,2886.196284
2024-07-26T06:29:40,40.000086,2886.293764
2024-07-26T06:30:40,40.000050,2887.121403
2024-07-26T06:31:40,40.000040,2886.922083
2024-07-26T06:32:40,40.000081,2886.444168
2024-07-26T06:33:40,40.000062,2885.795502
2024-07-26T06:34:40,40.000092,2886.418351
2024-07-26T06:35:40,40.000080,2885.794238
2024-07-26T06:36:40,40.000041,2885.972015
2024-07-26T06:37:40,40.000095,2885.843145
2024-07-26T06:38:40,40.000079,2885.644307
2024-07-26T06:39:46,45.000059,2886.351794
2024-07-26T06:40:45,45.000114,2885.459382
2024-07-26T06:41:45,45.000056,2887.218650
2024-07-26T06:42:45,45.000077,2885.617276
2024-07-26T06:43:45,45.000092,2885.682995
2024-07-26T06:44:45,45.000043,2885.330551
2024-07-26T06:45:45,45.000083,2886.083591
2024-07-26T06:46:45,45.000077,2886.283972
2024-07-26T06:47:45,45.000050,2887.152374
2024-07-26T06:48:45,45.000040,2886.130757
2024-07-26T06:49:45,45.000054,2886.107625
2024-07-26T06:50:45,45.000042,2886.463952
2024-07-26T06:51:45,45.000044,2887.619407
2024-07-26T06:52:45,45.000072,2886.239819
2024-07-26T06:53:45,45.000059,2886.240660
2024-07-26T06:54:45,45.000065,2886.484744
2024-07-26T06:55:45,45.000057,2886.396376
2024-07-26T06:56:45,45.000074,2885.684165
2024-07-26T06:57:45,45.000061,2886.862766
2024-07-26T06:58:45,45.000081,2886.305935
2024-07-26T06:59:45,45.000320,2887.401677
2024-07-26T07:00:45,45.000065,2886.218040
2024-07-26T07:01:45,45.000074,2887.261940
2024-07-26T07:02:45,45.000088,2886.816586
2024-07-26T07:03:45,45.000087,2885.905515
2024-07-26T07:04:45,45.000027,2885.731621
2024-07-26T07:05:45,45.000060,2886.396154
2024-07-26T07:06:45,45.000079,2886.217145
2024-07-26T07:07:45,45.000076,2888.239571
2024-07-26T07:08:46,45.000066,2888.018007
2024-07-26T07:09:45,45.000036,2885.931002
2024-07-26T07:10:45,45.000039,2885.864136
2024-07-26T07:11:45,45.000077,2887.372837
2024-07-26T07:12:45,45.000080,2886.239322
2024-07-26T07:13:45,45.000064,2886.284752
2024-07-26T07:14:45,45.000095,2886.682809
2024-07-26T07:15:45,45.000082,2887.283634
2024-07-26T07:16:45,45.000090,2887.527527
2024-07-26T07:17:45,45.000079,2886.283820
2024-07-26T07:18:45,45.000061,2886.462752
2024-07-26T07:19:45,45.000100,2886.638044
2024-07-26T07:20:45,45.000056,2887.240827
2024-07-26T07:21:45,45.000093,2886.816265
2024-07-26T07:22:45,45.000091,2886.771951
2024-07-26T07:23:45,45.000094,2886.727315
2024-07-26T07:24:45,45.000051,2886.130030
2024-07-26T07:25:45,45.000027,2886.442709
2024-07-26T07:26:45,45.000066,2885.995787
2024-07-26T07:27:45,45.000080,2887.217059
2024-07-26T07:28:45,45.000077,2886.883941
2024-07-26T07:29:45,45.000068,2886.684530
2024-07-26T07:30:45,45.000070,2886.639925
2024-07-26T07:31:45,45.000031,2886.486916
2024-07-26T07:32:45,45.000059,2885.840683
2024-07-26T07:33:45,45.000056,2886.818605
2024-07-26T07:34:45,45.000066,2886.151312
2024-07-26T07:35:45,45.000075,2885.795199
2024-07-26T07:36:45,45.000087,2886.705521
2024-07-26T07:37:46,45.000048,2886.263578
2024-07-26T07:38:45,45.000066,2887.995739
2024-07-26T07:39:50,50.000040,2889.177665
2024-07-26T07:40:50,50.000058,2888.476667
2024-07-26T07:41:50,50.000057,2887.976681
2024-07-26T07:42:50,50.000046,2890.597312
2024-07-26T07:43:50,50.000060,2888.396515
2024-07-26T07:44:50,50.000053,2887.476923
2024-07-26T07:45:50,50.000078,2886.695499
2024-07-26T07:46:50,50.000064,2887.456283
2024-07-26T07:47:50,50.000051,2886.917068
2024-07-26T07:48:50,50.000056,2886.996779
2024-07-26T07:49:50,50.000064,2886.516284
2024-07-26T07:50:50,50.000069,2886.975994
2024-07-26T07:51:50,50.000073,2886.475781
2024-07-26T07:52:50,50.000077,2888.075531
2024-07-26T07:53:50,50.000081,2886.315341
2024-07-26T07:54:50,50.000082,2885.955287
2024-07-26T07:55:50,50.000067,2886.356126
2024-07-26T07:56:50,50.000069,2887.096035
2024-07-26T07:57:50,50.000081,2886.555341
2024-07-26T07:58:50,50.000030,2885.578287
2024-07-26T07:59:50,50.000055,2887.096834
2024-07-26T08:00:50,50.000070,2887.315932
2024-07-26T08:01:50,50.000065,2885.696237
2024-07-26T08:02:50,50.000084,2886.955141
2024-07-26T08:03:50,50.000051,2886.877068
2024-07-26T08:04:50,50.000075,2885.915651
2024-07-26T08:05:50,50.000072,2886.275871
2024-07-26T08:06:51,50.000064,2885.456313
2024-07-26T08:07:50,50.000070,2888.075944
2024-07-26T08:08:50,50.000080,2886.455382
2024-07-26T08:09:50,50.000085,2886.915086
2024-07-26T08:10:50,50.000073,2886.495774
2024-07-26T08:11:50,50.000086,2888.435035
2024-07-26T08:12:50,50.000080,2886.215369
2024-07-26T08:13:50,50.000065,2886.576222
2024-07-26T08:14:50,50.000075,2886.395692
2024-07-26T08:15:50,50.000051,2887.197061
2024-07-26T08:16:50,50.000076,2886.455623
2024-07-26T08:17:50,50.000073,2887.535766
2024-07-26T08:18:50,50.000068,2887.136049
2024-07-26T08:19:50,50.000046,2888.097321
2024-07-26T08:20:50,50.000041,2887.317639
2024-07-26T08:21:50,50.000038,2887.497825
2024-07-26T08:22:50,50.000059,2886.776621
2024-07-26T08:23:50,50.000075,2886.235651
2024-07-26T08:24:50,50.000053,2886.156924
2024-07-26T08:25:50,50.000060,2886.216546
2024-07-26T08:26:50,50.000076,2885.815597
2024-07-26T08:27:50,50.000050,2886.497096
2024-07-26T08:28:50,50.000073,2887.075760
2024-07-26T08:29:50,50.000082,2886.475265
2024-07-26T08:30:50,50.000062,2886.516401
2024-07-26T08:31:50,50.000069,2885.596003
2024-07-26T08:32:50,50.000043,2886.497502
2024-07-26T08:33:50,50.000077,2886.875554
2024-07-26T08:34:50,50.000082,2885.995266
2024-07-26T08:35:51,50.000080,2886.395389
2024-07-26T08:36:50,50.000068,2887.956082
2024-07-26T08:37:50,50.000049,2885.737145
2024-07-26T08:38:50,50.000094,2888.054588
2024-07-26T08:39:55,55.000069,2886.214572
2024-07-26T08:40:55,55.000067,2887.341919
2024-07-26T08:41:55,55.000083,2887.032015
2024-07-26T08:42:55,55.000068,2886.487362
2024-07-26T08:43:55,55.000067,2887.760138
2024-07-26T08:44:55,55.000055,2886.633498
2024-07-26T08:45:55,55.000064,2886.269380
2024-07-26T08:46:55,55.000076,2885.959646
2024-07-26T08:47:55,55.000026,2887.162247
2024-07-26T08:48:55,55.000070,2886.414497
2024-07-26T08:49:55,55.000080,2886.395808
2024-07-26T08:50:55,55.000031,2886.543809
2024-07-26T08:51:55,55.000055,2886.833454
2024-07-26T08:52:55,55.000035,2885.889095
2024-07-26T08:53:55,55.000065,2887.523862
2024-07-26T08:54:55,55.000052,2886.051799
2024-07-26T08:55:55,55.000062,2885.996754
2024-07-26T08:56:55,55.000045,2886.652162
2024-07-26T08:57:55,55.000085,2886.504636
2024-07-26T08:58:55,55.000071,2885.959902
2024-07-26T08:59:55,55.000075,2887.086992
2024-07-26T09:00:55,55.000056,2886.524326
2024-07-26T09:01:55,55.000287,2885.948568
2024-07-26T09:02:55,55.000091,2886.104324
2024-07-26T09:03:55,55.000067,2885.669237
2024-07-26T09:04:56,55.000083,2887.031983
2024-07-26T09:05:55,55.000063,2885.978534
2024-07-26T09:06:55,55.000081,2886.159389
2024-07-26T09:07:55,55.000078,2886.341344
2024-07-26T09:08:55,55.000050,2886.615554
2024-07-26T09:09:55,55.000042,2886.652343
2024-07-26T09:10:55,55.000216,2886.279548
2024-07-26T09:11:55,55.000091,2885.904337
2024-07-26T09:12:55,55.000053,2885.615424
2024-07-26T09:13:55,55.000072,2886.214403
2024-07-26T09:14:55,55.000064,2886.342083
2024-07-26T09:15:55,55.000073,2886.287068
2024-07-26T09:16:55,55.000045,2886.433986
2024-07-26T09:17:55,55.000023,2886.616949
2024-07-26T09:18:55,55.000060,2885.687763
2024-07-26T09:19:55,55.000083,2885.868386
2024-07-26T09:20:55,55.000048,2886.906550
2024-07-26T09:21:55,55.000091,2886.195246
2024-07-26T09:22:55,55.000047,2886.161159
2024-07-26T09:23:55,55.000079,2885.904944
2024-07-26T09:24:55,55.000061,2886.705881
2024-07-26T09:25:55,55.000054,2885.851687
2024-07-26T09:26:55,55.000049,2886.251993
2024-07-26T09:27:55,55.000070,2886.123620
2024-07-26T09:28:55,55.000089,2885.958983
2024-07-26T09:29:55,55.000083,2887.050165
2024-07-26T09:30:55,55.000035,2885.907239
2024-07-26T09:31:55,55.000071,2885.887181
2024-07-26T09:32:55,55.000079,2885.668581
2024-07-26T09:33:56,55.000055,2885.778935
2024-07-26T09:34:55,55.000086,2885.631860
2024-07-26T09:35:55,55.000075,2885.450612
2024-07-26T09:36:55,55.000076,2886.250548
2024-07-26T09:37:55,55.000099,2886.012984
2024-07-26T09:38:55,55.000097,2885.994915
2024-07-26T09:39:55,55.000078,2886.286830
2024-07-26T09:40:55,55.000038,2885.707077
2024-07-26T09:41:55,55.000083,2886.595627
2024-07-26T09:42:55,55.000040,2886.034243
2024-07-26T09:43:55,55.000082,2886.850253
2024-07-26T09:44:55,55.000041,2886.525133
2024-07-26T09:45:55,55.000067,2886.414641
2024-07-26T09:46:55,55.000086,2886.431872
2024-07-26T09:47:55,55.000041,2886.888775
2024-07-26T09:48:55,55.000068,2887.214609
2024-07-26T09:49:55,55.000101,2887.103778
2024-07-26T09:50:55,55.000090,2887.867976
2024-07-26T09:51:55,55.000085,2886.431915
2024-07-26T09:52:55,55.000064,2881.142114
2024-07-26T09:53:55,55.000070,2885.759959
2024-07-26T09:54:55,55.000077,2885.323208
2024-07-26T09:55:55,55.000054,2886.142646
2024-07-26T09:56:55,55.000069,2886.650942
2024-07-26T09:57:55,55.000076,2886.850535
2024-07-26T09:58:55,55.000081,2886.977563
2024-07-26T09:59:55,55.000051,2885.815480
2024-07-26T10:00:55,55.000093,2886.122368
2024-07-26T10:01:55,55.000077,2886.595965
2024-07-26T10:02:56,55.000046,2885.997585
2024-07-26T10:03:55,55.000057,2886.596997
2024-07-26T10:04:55,55.000055,2886.033455
2024-07-26T10:05:55,55.000041,2885.906914
2024-07-26T10:06:55,55.000081,2885.904819
2024-07-26T10:07:55,55.000073,2886.796152
2024-07-26T10:08:55,55.000039,2886.743434
2024-07-26T10:09:55,55.000088,2886.340819
2024-07-26T10:10:55,55.000040,2885.907008
2024-07-26T10:11:55,55.000029,2887.325733
2024-07-26T10:12:55,55.000046,2886.070338
2024-07-26T10:13:55,55.000060,2886.360471
2024-07-26T10:14:55,55.000048,2887.070224
2024-07-26T10:15:55,55.000070,2885.378160
2024-07-26T10:16:55,55.000082,2887.741142
2024-07-26T10:17:55,55.000072,2886.850760
2024-07-26T10:18:55,55.000101,2886.249247
2024-07-26T10:19:55,55.000047,2886.452062
2024-07-26T10:20:55,55.000073,2886.741619
2024-07-26T10:21:55,55.000094,2885.831416
2024-07-26T10:22:55,55.000037,2886.198042
2024-07-26T10:23:55,55.000069,2885.596372
2024-07-26T10:24:55,55.000072,2885.978015
2024-07-26T10:25:55,55.000027,2885.489483
2024-07-26T10:26:55,55.000053,2885.888138
2024-07-26T10:27:55,55.000053,2886.288150
2024-07-26T10:28:55,55.000069,2885.832736
2024-07-26T10:29:55,55.000076,2885.450580
2024-07-26T10:30:55,55.000058,2885.851518
2024-07-26T10:31:56,55.000098,2885.994858
2024-07-26T10:32:55,55.000050,2885.651931
2024-07-26T10:33:55,55.000075,2885.286994
2024-07-26T10:34:55,55.000340,2886.127620
2024-07-26T10:35:55,55.000040,2886.470631
2024-07-26T10:36:55,55.000034,2886.998223
2024-07-26T10:37:55,55.000074,2885.959771
2024-07-26T10:38:55,55.000072,2885.450743
2024-07-26T10:39:55,55.000060,2885.905957
2024-07-26T10:40:55,55.000071,2886.032623
2024-07-26T10:41:55,55.000055,2885.269826
2024-07-26T10:42:55,55.000060,2885.760465
2024-07-26T10:43:55,55.000084,2887.450152
2024-07-26T10:44:55,55.000077,2886.050498
2024-07-26T10:45:55,55.000094,2885.922331
2024-07-26T10:46:55,55.000078,2885.777734
2024-07-26T10:47:55,55.000061,2886.924075
2024-07-26T10:48:55,55.000059,2887.542369
2024-07-26T10:49:55,55.000082,2886.959344
2024-07-26T10:50:55,55.000058,2886.851505
2024-07-26T10:51:55,55.000035,2886.107246
2024-07-26T10:52:55,55.000040,2885.597905
2024-07-26T10:53:55,55.000084,2886.322844
2024-07-26T10:54:55,55.000044,2885.961347
2024-07-26T10:55:55,55.000079,2886.614040
2024-07-26T10:56:55,55.000068,2886.760082
2024-07-26T10:57:55,55.000075,2886.432422
2024-07-26T10:58:55,55.000067,2885.596491
2024-07-26T10:59:55,55.000046,2885.524877
2024-07-26T11:00:56,55.000075,2885.905144
2024-07-26T11:01:55,55.000049,2886.324683
2024-07-26T11:02:55,55.000055,2886.069850
2024-07-26T11:03:55,55.000056,2885.924327
2024-07-26T11:04:55,55.000052,2886.888193
2024-07-26T11:05:55,55.000091,2885.849773
2024-07-26T11:06:55,55.000071,2885.887162
2024-07-26T11:07:55,55.000068,2886.632816
2024-07-26T11:08:55,55.000097,2887.740353
2024-07-26T11:09:55,55.000084,2886.322869
2024-07-26T11:10:55,55.000088,2886.686279
2024-07-26T11:11:55,55.000055,2886.488031
2024-07-26T11:12:55,55.000076,2885.577809
2024-07-26T11:13:55,55.000075,2886.559707
2024-07-26T11:14:55,55.000038,2886.543440
2024-07-26T11:15:55,55.000070,2886.287249
2024-07-26T11:16:55,55.000071,2885.959927
2024-07-26T11:17:55,55.000068,2886.323701
2024-07-26T11:18:55,55.000059,2886.160552
2024-07-26T11:19:55,55.000040,2886.997904
2024-07-26T11:20:55,55.000083,2886.268373
2024-07-26T11:21:55,55.000059,2887.051460
2024-07-26T11:22:55,55.000039,2885.597930
2024-07-26T11:23:55,55.000072,2885.923495
2024-07-26T11:24:55,55.000046,2886.015780
2024-07-26T11:25:55,55.000070,2886.178146
2024-07-26T11:26:55,55.000050,2886.215548
2024-07-26T11:27:55,55.000093,2885.649692
2024-07-26T11:28:55,55.000077,2886.341426
2024-07-26T11:29:56,55.000068,2885.723726
2024-07-26T11:30:55,55.000060,2885.687757
2024-07-26T11:31:55,55.000055,2887.051642
2024-07-26T11:32:55,55.000054,2885.524446
2024-07-26T11:33:55,55.000102,2886.594651
2024-07-26T11:34:55,55.000075,2887.305155
2024-07-26T11:35:55,55.000083,2885.777477
2024-07-26T11:36:55,55.000049,2885.997417
2024-07-26T11:37:55,55.000042,2886.325052
2024-07-26T11:38:55,55.000088,2887.504460
2024-07-26T11:39:55,55.000074,2886.250686
2024-07-26T11:40:55,55.000045,2885.634006
2024-07-26T11:41:55,55.000077,2885.832342
2024-07-26T11:42:55,55.000072,2886.268961
2024-07-26T11:43:55,55.000047,2886.306645
2024-07-26T11:44:55,55.000082,2885.704781
2024-07-26T11:45:55,55.000041,2886.034187
2024-07-26T11:46:55,55.000050,2886.124627
2024-07-26T11:47:55,55.000046,2886.379416
2024-07-26T11:48:55,55.000087,2886.613596
2024-07-26T11:49:55,55.000084,2886.213797
2024-07-26T11:50:55,55.000080,2886.286718
2024-07-26T11:51:55,55.000055,2887.015316
2024-07-26T11:52:55,55.000074,2886.850672
2024-07-26T11:53:55,55.000051,2886.415517
2024-07-26T11:54:55,55.000077,2887.632320
2024-07-26T11:55:55,55.000055,2887.288030
2024-07-26T11:56:55,55.000041,2886.688757
2024-07-26T11:57:56,55.000081,2888.013932
2024-07-26T11:58:55,55.000086,2886.740918
2024-07-26T11:59:55,55.000088,2886.377176
2024-07-26T12:00:55,55.000072,2885.978015
2024-07-26T12:01:55,55.000086,2887.231845
2024-07-26T12:02:55,55.000049,2885.742865
2024-07-26T12:03:55,55.000061,2885.796779
2024-07-26T12:04:55,55.000081,2886.850291
2024-07-26T12:05:55,55.000097,2885.976739
2024-07-26T12:06:55,55.000088,2886.013584
2024-07-26T12:07:55,55.000071,2886.378096
2024-07-26T12:08:55,55.000049,2886.106514
2024-07-26T12:09:55,55.000072,2886.668948
2024-07-26T12:10:55,55.000080,2886.086687
2024-07-26T12:11:55,55.000090,2886.322543
2024-07-26T12:12:55,55.000083,2886.595639
2024-07-26T12:13:55,55.000080,2887.195820
2024-07-26T12:14:55,55.000037,2886.507170
2024-07-26T12:15:55,55.000055,2887.087999
2024-07-26T12:16:55,55.000055,2885.997110
2024-07-26T12:17:55,55.000085,2886.941012
2024-07-26T12:18:55,55.000074,2886.687005
2024-07-26T12:19:55,55.000065,2887.087486
2024-07-26T12:20:55,55.000053,2885.560853
2024-07-26T12:21:55,55.000059,2885.760553
2024-07-26T12:22:55,55.000040,2887.125151
2024-07-26T12:23:55,55.000046,2886.343021
2024-07-26T12:24:55,55.000064,2886.487562
2024-07-26T12:25:55,55.000088,2885.868111
2024-07-26T12:26:56,55.000043,2888.015903
2024-07-26T12:27:55,55.000055,2885.960734
2024-07-26T12:28:55,55.000077,2885.414117
2024-07-26T12:29:55,55.000032,2885.743772
2024-07-26T12:30:55,55.000053,2885.651743
2024-07-26T12:31:55,55.000085,2886.359201
2024-07-26T12:32:55,55.000078,2885.486800
2024-07-26T12:33:55,55.000042,2886.070500
2024-07-26T12:34:55,55.000084,2886.231941
2024-07-26T12:35:55,55.000043,2886.852312
2024-07-26T12:36:55,55.000046,2886.161240
2024-07-26T12:37:55,55.000089,2887.668064
2024-07-26T12:38:55,55.000086,2886.195465
2024-07-26T12:39:55,55.000038,2886.434368
2024-07-26T12:40:55,55.000085,2886.359170
2024-07-26T12:41:55,55.000041,2886.197867
2024-07-26T12:42:55,55.000073,2886.287093
2024-07-26T12:43:55,55.000093,2886.613314
2024-07-26T12:44:55,55.000077,2886.741425
2024-07-26T12:45:55,55.000057,2886.306082
2024-07-26T12:46:55,55.000082,2886.159358
2024-07-26T12:47:55,55.000055,2887.142545
2024-07-26T12:48:55,55.000076,2886.105125
2024-07-26T12:49:55,55.000072,2886.087125
2024-07-26T12:50:55,55.000056,2885.669788
2024-07-26T12:51:55,55.000072,2885.596229
2024-07-26T12:52:55,55.000092,2886.631521
2024-07-26T12:53:55,55.000044,2886.434036
2024-07-26T12:54:55,55.000057,2886.887937
2024-07-26T12:55:56,55.000053,2885.851781
2024-07-26T12:56:55,55.000063,2885.433068
2024-07-26T12:57:55,55.000095,2885.740463
2024-07-26T12:58:55,55.000067,2885.541958
2024-07-26T12:59:55,55.000085,2886.486467
2024-07-26T13:00:55,55.000057,2885.742484
2024-07-26T13:01:55,55.000074,2885.632492
2024-07-26T13:02:55,55.000055,2886.088044
2024-07-26T13:03:55,55.000082,2886.232041
2024-07-26T13:04:55,55.000036,2887.379953
2024-07-26T13:05:55,55.000043,2886.252268
2024-07-26T13:06:55,55.000050,2885.942827
2024-07-26T13:07:55,55.000091,2885.867974
2024-07-26T13:08:55,55.000194,2885.789842
2024-07-26T13:09:55,55.000031,2887.143815
2024-07-26T13:10:55,55.000035,2885.725434
2024-07-26T13:11:55,55.000088,2886.049923
2024-07-26T13:12:55,55.000077,2886.159576
2024-07-26T13:13:55,55.000078,2887.977699
2024-07-26T13:14:55,55.000068,2886.414610
2024-07-26T13:15:55,55.000074,2886.159739
2024-07-26T13:16:55,55.000080,2887.632189
2024-07-26T13:17:55,55.000070,2886.359970
2024-07-26T13:18:55,55.000075,2885.832429
2024-07-26T13:19:55,55.000063,2885.905795
2024-07-26T13:20:55,55.000087,2886.577263
2024-07-26T13:21:55,55.000038,2885.925302
2024-07-26T13:22:55,55.000095,2886.522274
2024-07-26T13:23:55,55.000068,2886.978226
2024-07-26T13:24:56,55.000042,2886.361434
2024-07-26T13:25:55,55.000053,2886.869943
2024-07-26T13:26:55,55.000074,2885.505188
2024-07-26T13:27:55,55.000093,2885.140577
2024-07-26T13:28:55,55.000070,2886.396309
2024-07-26T13:29:55,55.000092,2885.558796
2024-07-26T13:30:55,55.000067,2887.378276
2024-07-26T13:31:55,55.000088,2885.740814
2024-07-26T13:32:55,55.000072,2885.741695
2024-07-26T13:33:55,55.000049,2886.415617
2024-07-26T13:34:55,55.000087,2885.759064
2024-07-26T13:35:55,55.000053,2885.869956
2024-07-26T13:36:55,55.000082,2887.195695
2024-07-26T13:37:55,55.000086,2886.413677
2024-07-26T13:38:55,55.000049,2886.361053
2024-07-26T13:39:55,55.000057,2886.069750
2024-07-26T13:40:55,55.000034,2885.925503
2024-07-26T13:41:55,55.000070,2887.850884
2024-07-26T13:42:55,55.000076,2886.359658
2024-07-26T13:43:55,55.000053,2886.742658
2024-07-26T13:44:55,55.000080,2886.104887
2024-07-26T13:45:55,55.000086,2886.540950
2024-07-26T13:46:55,55.000090,2886.886191
2024-07-26T13:47:55,55.000060,2885.669575
2024-07-26T13:48:55,55.000086,2886.104581
2024-07-26T13:49:55,55.000062,2886.360371
2024-07-26T13:50:55,55.000047,2886.615717
2024-07-26T13:51:55,55.000089,2886.922592
2024-07-26T13:52:55,55.000092,2886.886060
2024-07-26T13:53:56,55.000063,2887.360307
2024-07-26T13:54:55,55.000072,2887.159863
2024-07-26T13:55:55,55.000053,2886.288125
2024-07-26T13:56:55,55.000044,2885.961353
2024-07-26T13:57:55,55.000132,2885.683967
2024-07-26T13:58:55,55.000065,2885.523877
2024-07-26T13:59:55,55.000097,2885.849435
2024-07-26T14:00:55,55.000054,2886.942639
2024-07-26T14:01:55,55.000077,2885.705057
2024-07-26T14:02:55,55.000059,2886.378721
2024-07-26T14:03:55,55.000038,2886.143459
2024-07-26T14:04:55,55.000054,2886.342639
2024-07-26T14:05:55,55.000074,2886.450642
2024-07-26T14:06:55,55.000043,2885.961378
2024-07-26T14:07:55,55.000052,2886.942739
2024-07-26T14:08:55,55.000050,2885.888269
2024-07-26T14:09:55,55.000087,2886.559094
2024-07-26T14:10:55,55.000065,2887.342025
2024-07-26T14:11:55,55.000100,2887.285671
2024-07-26T14:12:55,55.000084,2886.722849
2024-07-26T14:13:55,55.000062,2886.760370
2024-07-26T14:14:55,55.000082,2886.341175
2024-07-26T14:15:55,55.000044,2886.397698
2024-07-26T14:16:55,55.000061,2886.051343
2024-07-26T14:17:55,55.000052,2887.070018
2024-07-26T14:18:55,55.000086,2885.650055
2024-07-26T14:19:55,55.000038,2885.834368
2024-07-26T14:20:55,55.000057,2885.633374
2024-07-26T14:21:55,55.000053,2887.179058
2024-07-26T14:22:56,55.000094,2887.540535
2024-07-26T14:23:55,55.000051,2886.415510
2024-07-26T14:24:55,55.000079,2885.686756
2024-07-26T14:25:55,55.000090,2885.686174
2024-07-26T14:26:55,55.000032,2885.961979
2024-07-26T14:27:55,55.000090,2887.577080
2024-07-26T14:28:55,55.000054,2885.815373
2024-07-26T14:29:55,55.000065,2885.905663
2024-07-26T14:30:55,55.000083,2886.541094
2024-07-26T14:31:55,55.000051,2886.415479
2024-07-26T14:32:55,55.000054,2887.269917
2024-07-26T14:33:55,55.000089,2886.140775
2024-07-26T14:34:55,55.000043,2886.870468
2024-07-26T14:35:55,55.000082,2886.977532
2024-07-26T14:36:55,55.000044,2886.634049
2024-07-26T14:37:55,55.000055,2886.378947
2024-07-26T14:38:55,55.000078,2886.050461
2024-07-26T14:39:55,55.000103,2887.467307
2024-07-26T14:40:55,55.000066,2886.596521
2024-07-26T14:41:55,55.000068,2886.123688
2024-07-26T14:42:55,55.000048,2887.361108
2024-07-26T14:43:55,55.000076,2887.650552
2024-07-26T14:44:55,55.000088,2885.995396
2024-07-26T14:45:55,55.000045,2885.634006
2024-07-26T14:46:55,55.000087,2886.140869
2024-07-26T14:47:55,55.000059,2886.596878
2024-07-26T14:48:55,55.000080,2885.959427
2024-07-26T14:49:55,55.000044,2886.615886
2024-07-26T14:50:55,55.000088,2885.831729
2024-07-26T14:51:56,55.000063,2886.814853
2024-07-26T14:52:55,55.000083,2886.322925
2024-07-26T14:53:55,55.000071,2885.741721
2024-07-26T14:54:55,55.000078,2885.814066
2024-07-26T14:55:55,55.000062,2885.560409
2024-07-26T14:56:55,55.000089,2885.904400
2024-07-26T14:57:55,55.000079,2886.141332
2024-07-26T14:58:55,55.000062,2885.669450
2024-07-26T14:59:55,55.000167,2885.736711
2024-07-26T15:00:55,55.000067,2885.578310
2024-07-26T15:01:55,55.000080,2885.777640
2024-07-26T15:02:55,55.000024,2887.016937
2024-07-26T15:03:55,55.000058,2885.960596
2024-07-26T15:04:55,55.000083,2886.486573
2024-07-26T15:05:55,55.000091,2885.777046
2024-07-26T15:06:55,55.000063,2887.069417
2024-07-26T15:07:55,55.000077,2887.614145
2024-07-26T15:08:55,55.000050,2886.288282
2024-07-26T15:09:55,55.000045,2885.888557
2024-07-26T15:10:55,55.000070,2886.159958
2024-07-26T15:11:55,55.000071,2887.832639
2024-07-26T15:12:55,55.000083,2885.777446
2024-07-26T15:13:55,55.000073,2886.196147
2024-07-26T15:14:55,55.000067,2886.651054
2024-07-26T15:15:55,55.000075,2887.086961
2024-07-26T15:16:55,55.000061,2886.960426
2024-07-26T15:17:55,55.000079,2886.014035
2024-07-26T15:18:55,55.000046,2886.270325
2024-07-26T15:19:55,55.000071,2886.178071
2024-07-26T15:20:56,55.000076,2887.123268
2024-07-26T15:21:55,55.000064,2886.705731
2024-07-26T15:22:55,55.000052,2886.979096
2024-07-26T15:23:55,55.000058,2886.633310
2024-07-26T15:24:55,55.000060,2885.942308
2024-07-26T15:25:55,55.000064,2885.614817
2024-07-26T15:26:55,55.000094,2886.631433
2024-07-26T15:27:55,55.000064,2886.232992
2024-07-26T15:28:55,55.000054,2885.997154
2024-07-26T15:29:55,55.000048,2886.506570
2024-07-26T15:30:55,55.000047,2885.597542
2024-07-26T15:31:55,55.000084,2885.886493
2024-07-26T15:32:55,55.000036,2886.979935
2024-07-26T15:33:55,55.000036,2887.725389
2024-07-26T15:34:55,55.000093,2886.904223
2024-07-26T15:35:55,55.000037,2885.998061
2024-07-26T15:36:55,55.000069,2886.032729
2024-07-26T15:37:55,55.000060,2885.924145
2024-07-26T15:38:55,55.000061,2886.451336
2024-07-26T15:39:55,55.000069,2886.832722
2024-07-26T15:40:55,55.000056,2885.651618
2024-07-26T15:41:55,55.000059,2886.160515
2024-07-26T15:42:55,55.000089,2886.668041
2024-07-26T15:43:55,55.000082,2886.504774
2024-07-26T15:44:55,55.000069,2886.378177
2024-07-26T15:45:55,55.000061,2886.796790
2024-07-26T15:46:55,55.000056,2887.087974
2024-07-26T15:47:55,55.000086,2886.122737
2024-07-26T15:48:55,55.000083,2886.104743
2024-07-26T15:49:56,55.000060,2886.178665
2024-07-26T15:50:55,55.000060,2886.742282
2024-07-26T15:51:55,55.000054,2886.615366
2024-07-26T15:52:55,55.000049,2886.361053
2024-07-26T15:53:55,55.000043,2885.379554
2024-07-26T15:54:55,55.000052,2887.269980
2024-07-26T15:55:55,55.000065,2887.196608
2024-07-26T15:56:55,55.000068,2886.196422
2024-07-26T15:57:55,55.000049,2885.633812
2024-07-26T15:58:55,55.000054,2886.669887
2024-07-26T15:59:55,55.000074,2885.614317
2024-07-26T16:00:55,55.000077,2886.977751
2024-07-26T16:01:55,55.000047,2887.597553
2024-07-26T16:02:55,55.000027,2885.744041
2024-07-26T16:03:55,55.000062,2886.342176
2024-07-26T16:04:55,55.000085,2886.831896
2024-07-26T16:05:55,55.000043,2885.943203
2024-07-26T16:06:55,55.000066,2886.178365
2024-07-26T16:07:55,55.000068,2886.323688
2024-07-26T16:08:55,55.000043,2886.743208
2024-07-26T16:09:55,55.000073,2887.596176
2024-07-26T16:10:55,55.000058,2886.415123
2024-07-26T16:11:55,55.000057,2886.942439
2024-07-26T16:12:55,55.000071,2885.923563
2024-07-26T16:13:55,55.000026,2886.998630
2024-07-26T16:14:55,55.000066,2887.560194
2024-07-26T16:15:55,55.000072,2886.178015
2024-07-26T16:16:55,55.000086,2886.159126
2024-07-26T16:17:55,55.000069,2885.705495
2024-07-26T16:18:56,55.000070,2886.305412
2024-07-26T16:19:55,55.000066,2885.632886
2024-07-26T16:20:55,55.000065,2886.669292
2024-07-26T16:21:55,55.000091,2886.595239
2024-07-26T16:22:55,55.000047,2886.070238
2024-07-26T16:23:55,55.000098,2885.158490
2024-07-26T16:24:55,55.000036,2885.616312
2024-07-26T16:25:55,55.000079,2886.814052
2024-07-26T16:26:55,55.000067,2885.287376
2024-07-26T16:27:55,55.000043,2886.143215
2024-07-26T16:28:55,55.000056,2885.233449
2024-07-26T16:29:55,55.000088,2885.922631
2024-07-26T16:30:55,55.000079,2886.741306
2024-07-26T16:31:55,55.000057,2885.742490
2024-07-26T16:32:55,55.000089,2885.649873
2024-07-26T16:33:55,55.000069,2886.359995
2024-07-26T16:34:55,55.000075,2885.959708
2024-07-26T16:35:55,55.000090,2885.849810
2024-07-26T16:36:55,55.000069,2886.196378
2024-07-26T16:37:55,55.000066,2886.069287
2024-07-26T16:38:55,55.000091,2886.995232
2024-07-26T16:39:55,55.000078,2886.832272
2024-07-26T16:40:55,55.000028,2886.162154
2024-07-26T16:41:55,55.000081,2886.177564
2024-07-26T16:42:55,55.000048,2887.215679
2024-07-26T16:43:55,55.000072,2887.123512
2024-07-26T16:44:55,55.000067,2886.414647
2024-07-26T16:45:55,55.000097,2886.267648
2024-07-26T16:46:55,55.000050,2886.142852
2024-07-26T16:47:56,55.000069,2886.069087
2024-07-26T16:48:55,55.000085,2886.031879
2024-07-26T16:49:55,55.000074,2886.796127
2024-07-26T16:50:55,55.000086,2887.250046
2024-07-26T16:51:55,55.000053,2886.415423
2024-07-26T16:52:55,55.000069,2886.287293
2024-07-26T16:53:55,55.000090,2886.286180
2024-07-26T16:54:55,55.000043,2885.615943
2024-07-26T16:55:55,55.000245,2887.696235
2024-07-26T16:56:55,55.000065,2885.542033
2024-07-26T16:57:55,55.000074,2885.905219
2024-07-26T16:58:55,55.000076,2885.614204
2024-07-26T16:59:55,55.000050,2885.433756
2024-07-26T17:00:55,55.000093,2886.031466
2024-07-26T17:01:55,55.000071,2885.614473
2024-07-26T17:02:55,55.000077,2886.123238
2024-07-26T17:03:55,55.000066,2886.287425
2024-07-26T17:04:55,55.000063,2886.342151
2024-07-26T17:05:55,55.000058,2886.196953
2024-07-26T17:06:55,55.000070,2887.469066
2024-07-26T17:07:55,55.000088,2887.013545
2024-07-26T17:08:55,55.000057,2886.706075
2024-07-26T17:09:55,55.000044,2886.143153
2024-07-26T17:10:55,55.000052,2886.851811
2024-07-26T17:11:55,55.000092,2888.176998
2024-07-26T17:12:55,55.000040,2886.216086
2024-07-26T17:13:55,55.000081,2886.995751
2024-07-26T17:14:55,55.000074,2885.832479
2024-07-26T17:15:55,55.000051,2886.233692
2024-07-26T17:16:56,55.000075,2887.086998
2024-07-26T17:17:55,55.000083,2886.413821
2024-07-26T17:18:55,55.000061,2886.396797
2024-07-26T17:19:55,55.000039,2886.070688
2024-07-26T17:20:55,55.000081,2885.723026
2024-07-26T17:21:55,55.000049,2885.706502
2024-07-26T17:22:55,55.000076,2886.123275
2024-07-26T17:23:55,55.000036,2887.634448
2024-07-26T17:24:55,55.000064,2886.851198
2024-07-26T17:25:55,55.000066,2885.651099
2024-07-26T17:26:55,55.000076,2885.486913
2024-07-26T17:27:55,55.000072,2886.032567
2024-07-26T17:28:55,55.000051,2886.506413
2024-07-26T17:29:55,55.000052,2886.233617
2024-07-26T17:30:55,55.000049,2886.761090
2024-07-26T17:31:55,55.000045,2886.615823
2024-07-26T17:32:55,55.000041,2886.125115
2024-07-26T17:33:55,55.000069,2887.032766
2024-07-26T17:34:55,55.000042,2885.779623
2024-07-26T17:35:55,55.000089,2887.449877
2024-07-26T17:36:55,55.000067,2886.214685
2024-07-26T17:37:55,55.000077,2887.614114
2024-07-26T17:38:55,55.000054,2886.233536
2024-07-26T17:39:55,55.000054,2885.597179
2024-07-26T17:40:55,55.000257,2885.713800
2024-07-26T17:41:55,55.000300,2886.002431
2024-07-26T17:42:55,55.000039,2886.797954
2024-07-26T17:43:55,55.000047,2887.124813
2024-07-26T17:44:55,55.000055,2887.397102
2024-07-26T17:45:55,55.000072,2886.250792
2024-07-26T17:46:55,55.000041,2886.525108
2024-07-26T17:47:55,55.000063,2885.978515
2024-07-26T17:48:55,55.000073,2887.014371
2024-07-26T17:49:55,55.000049,2885.833805
2024-07-26T17:50:55,55.000081,2886.632122
2024-07-26T17:51:55,55.000098,2885.649411
2024-07-26T17:52:55,55.000068,2885.432805
2024-07-26T17:53:55,55.000067,2886.014673
2024-07-26T17:54:55,55.000026,2885.944072
2024-07-26T17:55:55,55.000085,2886.050098
2024-07-26T17:56:55,55.000094,2885.795077
2024-07-26T17:57:55,55.000074,2885.887012
2024-07-26T17:58:55,55.000077,2887.414133
2024-07-26T17:59:55,55.000070,2886.159977
2024-07-26T18:00:55,55.000054,2886.233511
2024-07-26T18:01:55,55.000037,2885.943515
2024-07-26T18:02:55,55.000033,2886.270969
2024-07-26T18:03:55,55.000046,2887.033961
2024-07-26T18:04:55,55.000043,2887.906819
2024-07-26T18:05:55,55.000089,2887.377162
2024-07-26T18:06:55,55.000086,2886.286386
2024-07-26T18:07:55,55.000042,2886.852362
2024-07-26T18:08:55,55.000062,2887.142207
2024-07-26T18:09:55,55.000056,2886.760708
2024-07-26T18:10:55,55.000037,2886.252612
2024-07-26T18:11:55,55.000075,2886.214272
2024-07-26T18:12:55,55.000057,2886.524276
2024-07-26T18:13:55,55.000095,2886.795038
2024-07-26T18:14:55,55.000045,2885.615830
2024-07-26T18:15:55,55.000053,2886.160853
2024-07-26T18:16:55,55.000088,2886.431765
2024-07-26T18:17:55,55.000075,2886.323350
2024-07-26T18:18:55,55.000074,2886.432466
2024-07-26T18:19:55,55.000091,2886.013403
2024-07-26T18:20:55,55.000058,2886.215135
2024-07-26T18:21:55,55.000045,2885.215805
2024-07-26T18:22:55,55.000089,2885.740789
2024-07-26T18:23:55,55.000072,2886.814396
2024-07-26T18:24:55,55.000060,2886.415010
2024-07-26T18:25:55,55.000058,2886.269699
2024-07-26T18:26:55,55.000070,2886.505393
2024-07-26T18:27:55,55.000047,2886.088463
2024-07-26T18:28:55,55.000059,2886.396922
2024-07-26T18:29:55,55.000047,2886.706632
2024-07-26T18:30:55,55.000075,2885.923345
2024-07-26T18:31:55,55.000044,2886.543121
2024-07-26T18:32:55,55.000076,2886.632397
2024-07-26T18:33:55,55.000078,2886.505006
2024-07-26T18:34:55,55.000071,2886.578108
2024-07-26T18:35:55,55.000048,2886.379310
2024-07-26T18:36:55,55.000057,2886.433386
2024-07-26T18:37:55,55.000052,2886.324539
2024-07-26T18:38:55,55.000088,2885.577209
2024-07-26T18:39:55,55.000058,2887.396965
2024-07-26T18:40:55,55.000072,2886.614422
2024-07-26T18:41:55,55.000065,2887.560219
2024-07-26T18:42:56,55.000055,2886.251649
2024-07-26T18:43:55,55.000049,2886.397416
2024-07-26T18:44:55,55.000068,2886.360058
2024-07-26T18:45:55,55.000057,2885.687894
2024-07-26T18:46:55,55.000081,2886.268480
2024-07-26T18:47:55,55.000039,2887.361577
2024-07-26T18:48:55,55.000051,2886.088251
2024-07-26T18:49:55,55.000034,2886.798204
2024-07-26T18:50:55,55.000082,2885.322989
2024-07-26T18:51:55,55.000036,2885.561729
2024-07-26T18:52:55,55.000060,2886.142314
2024-07-26T18:53:55,55.000065,2886.414760
2024-07-26T18:54:55,55.000068,2886.832772
2024-07-26T18:55:55,55.000075,2885.614254
2024-07-26T18:56:55,55.000083,2885.941107
2024-07-26T18:57:55,55.000059,2886.542339
2024-07-26T18:58:55,55.000080,2886.541263
2024-07-26T18:59:55,55.000074,2885.596122
2024-07-26T19:00:55,55.000080,2887.468540
2024-07-26T19:01:55,55.000055,2886.415310
2024-07-26T19:02:55,55.000055,2886.597103
2024-07-26T19:03:55,55.000071,2886.650816
2024-07-26T19:04:55,55.000053,2886.942683
2024-07-26T19:05:55,55.000041,2886.270582
2024-07-26T19:06:55,55.000027,2887.271294
2024-07-26T19:07:55,55.000055,2886.397122
2024-07-26T19:08:55,55.000037,2886.816242
2024-07-26T19:09:55,55.000076,2885.941464
2024-07-26T19:10:55,55.000038,2886.797998
2024-07-26T19:11:56,55.000062,2887.524031
2024-07-26T19:12:55,55.000099,2887.394781
2024-07-26T19:13:55,55.000054,2886.397141
2024-07-26T19:14:55,55.000078,2887.177738
2024-07-26T19:15:55,55.000060,2886.196847
2024-07-26T19:16:55,55.000065,2887.251135
2024-07-26T19:17:55,55.000087,2887.122717
2024-07-26T19:18:55,55.000075,2886.323338
2024-07-26T19:19:55,55.000075,2885.305176
2024-07-26T19:20:55,55.000048,2885.852037
2024-07-26T19:21:55,55.000030,2885.943903
2024-07-26T19:22:55,55.000066,2887.014721
2024-07-26T19:23:55,55.000088,2885.631760
2024-07-26T19:24:55,55.000100,2886.540218
2024-07-26T19:25:55,55.000047,2887.142970
2024-07-26T19:26:55,55.000060,2887.578645
2024-07-26T19:27:55,55.000036,2887.052674
2024-07-26T19:28:55,55.000102,2887.758260
2024-07-26T19:29:55,55.000049,2886.888331
2024-07-26T19:30:55,55.000082,2887.122967
2024-07-26T19:31:55,55.000077,2887.595976
2024-07-26T19:32:55,55.000055,2886.615279
2024-07-26T19:33:55,55.000071,2886.032660
2024-07-26T19:34:55,55.000050,2886.179197
2024-07-26T19:35:55,55.000060,2886.705956
2024-07-26T19:36:55,55.000081,2888.377586
2024-07-26T19:37:55,55.000075,2886.759688
2024-07-26T19:38:55,55.000087,2886.049992
2024-07-26T19:39:55,55.000033,2886.707383
2024-07-26T19:40:56,55.000051,2886.488250
2024-07-26T19:41:55,55.000080,2886.268505
2024-07-26T19:42:55,55.000038,2885.979842
2024-07-26T19:43:55,55.000071,2885.687194
2024-07-26T19:44:55,55.000092,2886.431521
2024-07-26T19:45:55,55.000077,2886.305031
2024-07-26T19:46:55,55.000253,2885.750383
2024-07-26T19:47:55,55.000093,2886.231478
2024-07-26T19:48:55,55.000092,2887.740623
2024-07-26T19:49:55,55.000087,2885.813622
2024-07-26T19:50:55,55.000036,2885.307196
2024-07-26T19:51:55,55.000085,2885.904650
2024-07-26T19:52:55,55.000067,2886.051030
2024-07-26T19:53:55,55.000078,2886.232291
2024-07-26T19:54:55,55.000042,2886.106889
2024-07-26T19:55:55,55.000072,2886.123488
2024-07-26T19:56:55,55.000074,2885.941558
2024-07-26T19:57:55,55.000072,2886.632572
2024-07-26T19:58:55,55.000056,2886.487962
2024-07-26T19:59:55,55.000054,2887.997146
2024-07-26T20:00:55,55.000098,2886.740305
2024-07-26T20:01:55,55.000048,2886.542927
2024-07-26T20:02:55,55.000066,2886.269255
2024-07-26T20:03:55,55.000104,2886.030884
2024-07-26T20:04:55,55.000044,2886.470400
2024-07-26T20:05:55,55.000091,2886.395233
2024-07-26T20:06:55,55.000072,2886.450779
2024-07-26T20:07:55,55.000036,2888.325376
2024-07-26T20:08:55,55.000030,2886.271157
2024-07-26T20:09:56,55.000036,2886.470863
2024-07-26T20:10:55,55.000068,2887.287348
2024-07-26T20:11:55,55.000093,2885.904187
2024-07-26T20:12:55,55.000044,2885.797717
2024-07-26T20:13:55,55.000076,2887.050541
2024-07-26T20:14:55,55.000064,2885.632992
2024-07-26T20:15:55,55.000084,2886.468342
2024-07-26T20:16:55,55.000078,2885.959533
2024-07-26T20:17:55,55.000064,2886.160277
2024-07-26T20:18:55,55.000046,2886.088469
2024-07-26T20:19:55,55.000047,2885.961166
2024-07-26T20:20:55,55.000086,2885.540939
2024-07-26T20:21:55,55.000069,2885.396404
2024-07-26T20:22:55,55.000080,2885.613966
2024-07-26T20:23:55,55.000095,2885.649542
2024-07-26T20:24:55,55.000035,2886.325415
2024-07-26T20:25:55,55.000066,2886.178346
2024-07-26T20:26:55,55.000084,2886.050129
2024-07-26T20:27:55,55.000066,2886.978358
2024-07-26T20:28:55,55.000048,2886.979284
2024-07-26T20:29:55,55.000074,2886.468830
2024-07-26T20:30:55,55.000095,2885.395028
2024-07-26T20:31:55,55.000073,2887.468916
2024-07-26T20:32:55,55.000060,2885.687782
2024-07-26T20:33:55,55.000062,2886.596740
2024-07-26T20:34:55,55.000039,2886.161603
2024-07-26T20:35:55,55.000082,2886.013897
2024-07-26T20:36:55,55.000062,2885.687632
2024-07-26T20:37:55,55.000054,2886.924457
2024-07-26T20:38:56,55.000063,2887.996707
2024-07-26T20:39:55,55.000079,2886.904955
2024-07-26T20:40:55,55.000048,2885.852012
2024-07-26T20:41:55,55.000052,2885.506345
2024-07-26T20:42:55,55.000047,2886.452087
2024-07-26T20:43:55,55.000057,2886.469712
2024-07-26T20:44:55,55.000063,2886.305763
2024-07-26T20:45:55,55.000029,2885.798468
2024-07-26T20:46:55,55.000061,2886.360427
2024-07-26T20:47:55,55.000036,2886.907176
2024-07-26T20:48:55,55.000070,2886.887224
2024-07-26T20:49:55,55.000262,2885.604410
2024-07-26T20:50:55,55.000059,2886.415079
2024-07-26T20:51:55,55.000063,2886.469399
2024-07-26T20:52:55,55.000090,2885.468024
2024-07-26T20:53:55,55.000107,2885.648941
2024-07-26T20:54:55,55.000071,2886.996289
2024-07-26T20:55:55,55.000061,2886.869549
2024-07-26T20:56:55,55.000040,2886.016093
2024-07-26T20:57:55,55.000068,2886.232804
2024-07-26T20:58:55,55.000095,2886.704104
2024-07-26T20:59:55,55.000045,2887.179459
2024-07-26T21:00:55,55.000043,2885.979554
2024-07-26T21:01:55,55.000052,2886.360921
2024-07-26T21:02:55,55.000098,2886.467566
2024-07-26T21:03:55,55.000068,2886.105538
2024-07-26T21:04:55,55.000075,2886.159689
2024-07-26T21:05:55,55.000082,2886.413896
2024-07-26T21:06:55,55.000052,2886.124527
2024-07-26T21:07:56,55.000065,2887.269329
2024-07-26T21:08:55,55.000064,2887.014834
2024-07-26T21:09:55,55.000082,2885.959333
2024-07-26T21:10:55,55.000066,2887.105630
2024-07-26T21:11:55,55.000065,2885.851118
2024-07-26T21:12:55,55.000053,2886.451761
2024-07-26T21:13:55,55.000035,2885.798155
2024-07-26T21:14:55,55.000070,2885.850855
2024-07-26T21:15:55,55.000033,2886.198248
2024-07-26T21:16:55,55.000055,2886.815279
2024-07-26T21:17:55,55.000080,2886.195784
2024-07-26T21:18:55,55.000075,2886.468773
2024-07-26T21:19:55,55.000080,2886.395827
2024-07-26T21:20:55,55.000093,2885.958776
2024-07-26T21:21:55,55.000047,2886.706645
2024-07-26T21:22:55,55.000064,2886.087544
2024-07-26T21:23:55,55.000096,2885.794977
2024-07-26T21:24:55,55.000054,2886.197179
2024-07-26T21:25:55,55.000032,2885.889220
2024-07-26T21:26:55,55.000095,2885.813197
2024-07-26T21:27:55,55.000057,2886.978846
2024-07-26T21:28:55,55.000072,2886.323469
2024-07-26T21:29:55,55.000044,2886.179510
2024-07-26T21:30:55,55.000064,2885.723914
2024-07-26T21:31:55,55.000052,2886.015461
2024-07-26T21:32:55,55.000070,2885.978146
2024-07-26T21:33:55,55.000083,2886.322937
2024-07-26T21:34:55,55.000075,2886.341532
2024-07-26T21:35:55,55.000068,2887.487323
2024-07-26T21:36:56,55.000073,2886.778001
2024-07-26T21:37:55,55.000067,2887.123768
2024-07-26T21:38:55,55.000059,2887.742338
2024-07-26T21:39:55,55.000092,2886.976975
2024-07-26T21:40:55,55.000057,2886.669755
2024-07-26T21:41:55,55.000070,2886.632685
2024-07-26T21:42:55,55.000085,2887.268272
2024-07-26T21:43:55,55.000065,2888.396569
2024-07-26T21:44:55,55.000056,2887.142520
2024-07-26T21:45:55,55.000048,2887.342939
2024-07-26T21:46:55,55.000081,2888.432119
2024-07-26T21:47:55,55.000048,2886.397491
2024-07-26T21:48:55,55.000064,2887.178483
2024-07-26T21:49:55,55.000036,2886.779941
2024-07-26T21:50:55,55.000080,2888.050345
2024-07-26T21:51:55,55.000054,2886.851686
2024-07-26T21:52:55,55.000082,2887.286604
2024-07-26T21:53:55,55.000089,2886.340788
2024-07-26T21:54:55,55.000082,2887.050247
2024-07-26T21:55:55,55.000061,2887.051354
2024-07-26T21:56:55,55.000061,2886.869542
2024-07-26T21:57:55,55.000084,2886.741050
2024-07-26T21:58:55,55.000047,2887.252061
2024-07-26T21:59:55,55.000074,2887.668834
2024-07-26T22:00:55,55.000067,2887.305586
2024-07-26T22:01:55,55.000068,2887.850959
2024-07-26T22:02:55,55.000078,2887.323192
2024-07-26T22:03:55,55.000035,2888.052705
2024-07-26T22:04:55,55.000064,2887.869379
2024-07-26T22:05:56,55.000077,2887.595944
2024-07-26T22:06:55,55.000065,2886.960226
2024-07-26T22:07:55,55.000065,2887.651116
2024-07-26T22:08:55,55.000049,2887.106507
2024-07-26T22:09:55,55.000061,2887.196821
2024-07-26T22:10:55,55.000068,2887.505524
2024-07-26T22:11:55,55.000085,2888.686470
2024-07-26T22:12:55,55.000062,2887.105831
2024-07-26T22:13:55,55.000059,2888.542349
2024-07-26T22:14:55,55.000081,2887.323011
2024-07-26T22:15:55,55.000053,2887.451773
2024-07-26T22:16:55,55.000090,2886.667978
2024-07-26T22:17:55,55.000059,2886.506007
2024-07-26T22:18:55,55.000072,2886.668954
2024-07-26T22:19:55,55.000048,2886.997459
2024-07-26T22:20:55,55.000091,2887.449758
2024-07-26T22:21:55,55.000074,2887.105224
2024-07-26T22:22:55,55.000096,2887.631325
2024-07-26T22:23:55,55.000057,2887.160645
2024-07-26T22:24:55,55.000073,2887.778006
2024-07-26T22:25:55,55.000023,2887.071526
2024-07-26T22:26:55,55.000066,2887.360163
2024-07-26T22:27:55,55.000065,2887.796601
2024-07-26T22:28:55,55.000074,2887.305223
2024-07-26T22:29:55,55.000069,2887.160007
2024-07-26T22:30:55,55.000036,2888.198084
2024-07-26T22:31:55,55.000077,2887.286860
2024-07-26T22:32:55,55.000078,2888.304990
2024-07-26T22:33:55,55.000059,2887.887786
2024-07-26T22:34:55,55.000082,2888.104778
2024-07-26T22:35:55,55.000085,2887.959186
2024-07-26T22:36:55,55.000068,2887.578238
2024-07-26T22:37:55,55.000068,2887.450991
2024-07-26T22:38:55,55.000058,2887.815152
2024-07-26T22:39:55,55.000086,2887.995468
